dataset,operator,model,dim,fold_count,mean,std,var,fold0,fold1,fold2,fold3,fold4
PROTEINS,GATConv,GraphCrossGNN,64,5,0.71696,0.04808,0.002311,0.68161,0.72646,0.77130,0.76126,0.64414
PROTEINS,GATConv,GraphResGNN,64,5,0.71062,0.03513,0.001234,0.72197,0.74439,0.74439,0.68919,0.65315
PROTEINS,GATConv,NodeCrossGNN,64,5,0.69630,0.03029,0.000917,0.65471,0.72197,0.73094,0.70721,0.66667
PROTEINS,GATConv,NodeResGNN,64,5,0.71429,0.02728,0.000744,0.67265,0.72197,0.74439,0.73874,0.69369
PROTEINS,GATConv,PlainGNN,64,5,0.71158,0.03259,0.001062,0.65919,0.73991,0.74439,0.72523,0.68919
PROTEINS,GCNConv,APPNPBaseline,32,5,0.59582,0.04043,0.001635,0.56757,0.62613,0.58108,0.65766,0.54667
PROTEINS,GCNConv,GraphCondGNN,32,5,0.67747,0.02636,0.000695,0.63514,0.67568,0.68919,0.71622,0.67111
PROTEINS,GCNConv,GraphCrossGNN,32,5,0.69109,0.04303,0.001852,0.65315,0.74775,0.72072,0.70270,0.63111
PROTEINS,GCNConv,GraphCrossGNN,64,5,0.68098,0.04619,0.002134,0.67265,0.71749,0.71749,0.70270,0.59459
PROTEINS,GCNConv,GraphResGNN,32,5,0.71880,0.03680,0.001354,0.68468,0.73874,0.68018,0.77928,0.71111
PROTEINS,GCNConv,GraphResGNN,64,5,0.72232,0.03673,0.001349,0.72646,0.76233,0.73094,0.73874,0.65315
PROTEINS,GCNConv,JKNetBaseline,32,5,0.69273,0.04054,0.001643,0.64414,0.74324,0.65315,0.73423,0.68889
PROTEINS,GCNConv,NodeCrossGNN,32,5,0.66938,0.02899,0.000841,0.64865,0.70270,0.63063,0.70270,0.66222
PROTEINS,GCNConv,NodeCrossGNN,64,5,0.69359,0.04484,0.002011,0.66368,0.69955,0.75336,0.72523,0.62613
PROTEINS,GCNConv,NodeResGNN,32,5,0.68025,0.04238,0.001796,0.62162,0.69369,0.71622,0.72973,0.64000
PROTEINS,GCNConv,NodeResGNN,64,5,0.69446,0.05086,0.002587,0.68610,0.72197,0.73991,0.72523,0.59910
PROTEINS,GCNConv,PlainGNN,32,5,0.69735,0.03894,0.001516,0.65315,0.73874,0.71171,0.73423,0.64889
PROTEINS,GCNConv,PlainGNN,64,5,0.70527,0.02705,0.000732,0.68161,0.73094,0.73543,0.71171,0.66667
PROTEINS,GINConv,GINBaseline,32,5,0.67474,0.04879,0.002381,0.65766,0.62613,0.64414,0.76577,0.68000
PROTEINS,GINConv,GraphCrossGNN,64,5,0.70620,0.03838,0.001473,0.64574,0.73991,0.73543,0.73423,0.67568
PROTEINS,GINConv,GraphResGNN,64,5,0.70531,0.04914,0.002415,0.64574,0.74439,0.71300,0.77027,0.65315
PROTEINS,GINConv,NodeCrossGNN,64,5,0.69631,0.03969,0.001575,0.65022,0.69955,0.74888,0.72973,0.65315
PROTEINS,GINConv,NodeResGNN,64,5,0.70439,0.03460,0.001197,0.65919,0.72646,0.74439,0.72523,0.66667
PROTEINS,GINConv,PlainGNN,64,5,0.69724,0.03611,0.001304,0.63229,0.73094,0.70404,0.72973,0.68919
PROTEINS,SAGEConv,GraphCrossGNN,64,5,0.70978,0.02975,0.000885,0.67713,0.75336,0.71749,0.72523,0.67568
PROTEINS,SAGEConv,GraphResGNN,64,5,0.71961,0.04072,0.001658,0.70852,0.76682,0.75785,0.71171,0.65315
PROTEINS,SAGEConv,GraphSAGEBaseline,32,5,0.68836,0.03425,0.001173,0.65766,0.72973,0.69820,0.71622,0.64000
PROTEINS,SAGEConv,NodeCrossGNN,64,5,0.69000,0.03324,0.001105,0.65471,0.70852,0.73543,0.70270,0.64865
PROTEINS,SAGEConv,NodeResGNN,64,5,0.70171,0.03829,0.001466,0.63229,0.73094,0.73543,0.72072,0.68919
PROTEINS,SAGEConv,PlainGNN,64,5,0.71430,0.04026,0.001621,0.65471,0.74439,0.73094,0.76126,0.68018
PROTEINS,TransformerConv,GraphCrossGNN,64,5,0.72053,0.03113,0.000969,0.69507,0.74888,0.76233,0.71622,0.68018
PROTEINS,TransformerConv,GraphResGNN,64,5,0.71877,0.03152,0.000994,0.67713,0.73543,0.75336,0.74324,0.68468
PROTEINS,TransformerConv,NodeCrossGNN,64,5,0.69626,0.04515,0.002039,0.69955,0.72646,0.72197,0.72523,0.60811
PROTEINS,TransformerConv,NodeResGNN,64,5,0.68819,0.02950,0.000870,0.66816,0.71749,0.72646,0.68018,0.64865
PROTEINS,TransformerConv,PlainGNN,64,5,0.69624,0.05074,0.002575,0.68610,0.73094,0.75785,0.69820,0.60811
DD,GATConv,GraphCrossGNN,64,5,0.71809,0.02677,0.000717,0.75527,0.73729,0.71064,0.71064,0.67660
DD,GATConv,GraphResGNN,64,5,0.70198,0.02683,0.000720,0.73418,0.70339,0.68085,0.66383,0.72766
DD,GATConv,NodeCrossGNN,64,5,0.69599,0.04119,0.001697,0.73418,0.74576,0.65532,0.70213,0.64255
DD,GATConv,NodeResGNN,64,5,0.70877,0.03980,0.001584,0.70464,0.78390,0.70213,0.68511,0.66809
DD,GATConv,PlainGNN,64,5,0.70541,0.04014,0.001611,0.68776,0.77119,0.65532,0.68511,0.72766
DD,GCNConv,APPNPBaseline,64,5,0.67485,0.01684,0.000284,0.69198,0.66525,0.65532,0.69787,0.66383
DD,GCNConv,GraphCrossGNN,64,5,0.71556,0.03055,0.000933,0.72574,0.76271,0.70638,0.71489,0.66809
DD,GCNConv,GraphResGNN,64,5,0.69345,0.04580,0.002098,0.72996,0.73729,0.69362,0.69787,0.60851
DD,GCNConv,JKNetBaseline,64,5,0.72494,0.02021,0.000408,0.71730,0.76271,0.70638,0.71064,0.72766
DD,GCNConv,NodeCrossGNN,64,5,0.72575,0.01944,0.000378,0.74262,0.75424,0.70638,0.71915,0.70638
DD,GCNConv,NodeResGNN,64,5,0.72066,0.02593,0.000672,0.72996,0.76271,0.69787,0.72340,0.68936
DD,GCNConv,PlainGNN,64,5,0.71645,0.01792,0.000321,0.71308,0.74153,0.70213,0.69362,0.73191
DD,GINConv,GINBaseline,64,5,0.68850,0.01666,0.000277,0.65823,0.69915,0.68511,0.70638,0.69362
DD,GINConv,GraphCrossGNN,64,5,0.69184,0.03195,0.001021,0.68776,0.70763,0.63830,0.68936,0.73617
DD,GINConv,GraphResGNN,64,5,0.70373,0.00957,0.000092,0.70464,0.70763,0.69362,0.69362,0.71915
DD,GINConv,NodeCrossGNN,64,5,0.71731,0.00805,0.000065,0.71730,0.72458,0.72340,0.70213,0.71915
DD,GINConv,NodeResGNN,64,5,0.71053,0.03159,0.000998,0.70042,0.72458,0.74894,0.65532,0.72340
DD,GINConv,PlainGNN,64,5,0.69006,0.05435,0.002954,0.73418,0.71186,0.58723,0.68511,0.73191
DD,SAGEConv,GraphCrossGNN,64,5,0.69432,0.03596,0.001293,0.71730,0.73729,0.66809,0.71064,0.63830
DD,SAGEConv,GraphResGNN,64,5,0.66138,0.06152,0.003785,0.58650,0.70339,0.70213,0.72766,0.58723
DD,SAGEConv,GraphSAGEBaseline,64,5,0.70199,0.02839,0.000806,0.72152,0.72458,0.64681,0.71064,0.70638
DD,SAGEConv,NodeCrossGNN,64,5,0.72487,0.02989,0.000893,0.75949,0.76271,0.70638,0.70213,0.69362
DD,SAGEConv,NodeResGNN,64,5,0.71130,0.02153,0.000463,0.74684,0.72458,0.70213,0.68936,0.69362
DD,SAGEConv,PlainGNN,64,5,0.69860,0.01372,0.000188,0.71308,0.71610,0.68085,0.68936,0.69362
DD,TransformerConv,GraphCrossGNN,64,5,0.67225,0.04401,0.001936,0.69620,0.71186,0.58723,0.67660,0.68936
DD,TransformerConv,GraphResGNN,64,5,0.58659,0.00096,0.000001,0.58650,0.58475,0.58723,0.58723,0.58723
DD,TransformerConv,NodeCrossGNN,64,5,0.70455,0.03049,0.000929,0.69620,0.75847,0.66383,0.70213,0.70213
DD,TransformerConv,NodeResGNN,64,5,0.66967,0.04469,0.001997,0.71730,0.69915,0.66809,0.67660,0.58723
DD,TransformerConv,PlainGNN,64,5,0.58659,0.00096,0.000001,0.58650,0.58475,0.58723,0.58723,0.58723
ENZYMES,GATConv,GraphCrossGNN,64,5,0.27000,0.04170,0.001739,0.23333,0.25000,0.29167,0.34167,0.23333
ENZYMES,GATConv,GraphResGNN,64,5,0.28000,0.07427,0.005517,0.16667,0.30000,0.39167,0.30000,0.24167
ENZYMES,GATConv,NodeCrossGNN,64,5,0.29333,0.07442,0.005539,0.20833,0.32500,0.36667,0.36667,0.20000
ENZYMES,GATConv,NodeResGNN,64,5,0.26667,0.06124,0.003750,0.17500,0.24167,0.31667,0.35000,0.25000
ENZYMES,GATConv,PlainGNN,64,5,0.26000,0.05437,0.002956,0.16667,0.28333,0.30000,0.31667,0.23333
ENZYMES,GCNConv,APPNPBaseline,64,5,0.19500,0.02506,0.000628,0.15833,0.19167,0.18333,0.23333,0.20833
ENZYMES,GCNConv,GraphCrossGNN,64,5,0.28000,0.08038,0.006461,0.17500,0.23333,0.30000,0.41667,0.27500
ENZYMES,GCNConv,GraphResGNN,64,5,0.31167,0.07465,0.005572,0.16667,0.35833,0.33333,0.37500,0.32500
ENZYMES,GCNConv,JKNetBaseline,64,5,0.25167,0.04842,0.002344,0.16667,0.23333,0.29167,0.30000,0.26667
ENZYMES,GCNConv,NodeCrossGNN,64,5,0.27833,0.06843,0.004683,0.22500,0.25833,0.30000,0.40000,0.20833
ENZYMES,GCNConv,NodeResGNN,64,5,0.26500,0.06612,0.004372,0.15833,0.26667,0.27500,0.36667,0.25833
ENZYMES,GCNConv,PlainGNN,64,5,0.24500,0.04069,0.001656,0.18333,0.21667,0.28333,0.29167,0.25000
ENZYMES,GINConv,GINBaseline,64,5,0.24667,0.04876,0.002378,0.20833,0.29167,0.22500,0.31667,0.19167
ENZYMES,GINConv,GraphCrossGNN,64,5,0.28667,0.06924,0.004794,0.19167,0.31667,0.35000,0.35833,0.21667
ENZYMES,GINConv,GraphResGNN,64,5,0.30833,0.10646,0.011333,0.15833,0.22500,0.42500,0.42500,0.30833
ENZYMES,GINConv,NodeCrossGNN,64,5,0.32000,0.05859,0.003433,0.22500,0.30833,0.33333,0.40833,0.32500
ENZYMES,GINConv,NodeResGNN,64,5,0.28333,0.07032,0.004944,0.19167,0.20833,0.35833,0.35000,0.30833
ENZYMES,GINConv,PlainGNN,64,5,0.24500,0.05233,0.002739,0.19167,0.25833,0.25000,0.33333,0.19167
ENZYMES,SAGEConv,GraphCrossGNN,64,5,0.28000,0.06843,0.004683,0.16667,0.30000,0.34167,0.35000,0.24167
ENZYMES,SAGEConv,GraphResGNN,64,5,0.31167,0.08492,0.007211,0.16667,0.32500,0.36667,0.41667,0.28333
ENZYMES,SAGEConv,GraphSAGEBaseline,64,5,0.24667,0.04961,0.002461,0.16667,0.21667,0.29167,0.30000,0.25833
ENZYMES,SAGEConv,NodeCrossGNN,64,5,0.27833,0.06637,0.004406,0.16667,0.30833,0.35000,0.32500,0.24167
ENZYMES,SAGEConv,NodeResGNN,64,5,0.26167,0.04552,0.002072,0.21667,0.22500,0.30833,0.32500,0.23333
ENZYMES,SAGEConv,PlainGNN,64,5,0.25167,0.04391,0.001928,0.19167,0.21667,0.29167,0.30833,0.25000
ENZYMES,TransformerConv,GraphCrossGNN,64,5,0.28000,0.05390,0.002906,0.20833,0.33333,0.35000,0.26667,0.24167
ENZYMES,TransformerConv,GraphResGNN,64,5,0.29667,0.07257,0.005267,0.22500,0.42500,0.26667,0.32500,0.24167
ENZYMES,TransformerConv,NodeCrossGNN,64,5,0.30333,0.04790,0.002294,0.20833,0.32500,0.33333,0.33333,0.31667
ENZYMES,TransformerConv,NodeResGNN,64,5,0.25833,0.04743,0.002250,0.16667,0.29167,0.29167,0.28333,0.25833
ENZYMES,TransformerConv,PlainGNN,64,5,0.23667,0.04236,0.001794,0.16667,0.26667,0.20833,0.26667,0.27500
MUTAG,GATConv,GraphCrossGNN,64,5,0.74495,0.04161,0.001731,0.76316,0.68421,0.73684,0.81081,0.72973
MUTAG,GATConv,GraphResGNN,64,5,0.71821,0.05473,0.002995,0.73684,0.71053,0.68421,0.81081,0.64865
MUTAG,GATConv,NodeCrossGNN,64,5,0.73983,0.06891,0.004749,0.73684,0.65789,0.73684,0.86486,0.70270
MUTAG,GATConv,NodeResGNN,64,5,0.73983,0.05734,0.003288,0.73684,0.65789,0.73684,0.83784,0.72973
MUTAG,GATConv,PlainGNN,64,5,0.73997,0.06410,0.004109,0.71053,0.68421,0.71053,0.86486,0.72973
MUTAG,GCNConv,APPNPBaseline,64,5,0.68620,0.03067,0.000940,0.71053,0.68421,0.65789,0.72973,0.64865
MUTAG,GCNConv,GraphCrossGNN,64,5,0.71294,0.05394,0.002910,0.71053,0.68421,0.71053,0.81081,0.64865
MUTAG,GCNConv,GraphResGNN,64,5,0.72902,0.05848,0.003420,0.71053,0.68421,0.73684,0.83784,0.67568
MUTAG,GCNConv,JKNetBaseline,64,5,0.73414,0.06953,0.004835,0.78947,0.68421,0.71053,0.83784,0.64865
MUTAG,GCNConv,NodeCrossGNN,32,1,0.62162,0.00000,0.000000,0.62162,,,,
MUTAG,GCNConv,NodeCrossGNN,64,5,0.73969,0.06762,0.004572,0.73684,0.68421,0.73684,0.86486,0.67568
MUTAG,GCNConv,NodeResGNN,32,5,0.66473,0.07169,0.005140,0.62162,0.67568,0.78378,0.56757,0.67500
MUTAG,GCNConv,NodeResGNN,64,5,0.73428,0.07336,0.005381,0.73684,0.68421,0.73684,0.86486,0.64865
MUTAG,GCNConv,PlainGNN,32,5,0.66473,0.07169,0.005140,0.62162,0.67568,0.78378,0.56757,0.67500
MUTAG,GCNConv,PlainGNN,64,5,0.72361,0.04858,0.002360,0.73684,0.68421,0.71053,0.81081,0.67568
MUTAG,GINConv,GINBaseline,64,5,0.80853,0.06093,0.003712,0.81579,0.71053,0.89474,0.83784,0.78378
MUTAG,GINConv,GraphCrossGNN,64,5,0.80370,0.07073,0.005003,0.76316,0.68421,0.86842,0.83784,0.86486
MUTAG,GINConv,GraphResGNN,64,5,0.79787,0.04310,0.001858,0.81579,0.73684,0.84211,0.83784,0.75676
MUTAG,GINConv,NodeCrossGNN,64,5,0.83528,0.01837,0.000338,0.81579,0.81579,0.84211,0.86486,0.83784
MUTAG,GINConv,NodeResGNN,64,5,0.81920,0.01917,0.000368,0.78947,0.81579,0.84211,0.83784,0.81081
MUTAG,GINConv,PlainGNN,64,5,0.80853,0.07139,0.005097,0.84211,0.68421,0.89474,0.83784,0.78378
MUTAG,SAGEConv,GraphCrossGNN,64,5,0.72347,0.03955,0.001564,0.73684,0.68421,0.73684,0.78378,0.67568
MUTAG,SAGEConv,GraphResGNN,64,5,0.72916,0.05518,0.003045,0.71053,0.68421,0.71053,0.83784,0.70270
MUTAG,SAGEConv,GraphSAGEBaseline,64,5,0.73954,0.04486,0.002013,0.76316,0.68421,0.73684,0.81081,0.70270
MUTAG,SAGEConv,NodeCrossGNN,64,5,0.72347,0.03955,0.001564,0.73684,0.68421,0.73684,0.78378,0.67568
MUTAG,SAGEConv,NodeResGNN,64,5,0.73940,0.04597,0.002113,0.73684,0.71053,0.76316,0.81081,0.67568
MUTAG,SAGEConv,PlainGNN,64,5,0.73414,0.05028,0.002528,0.76316,0.68421,0.73684,0.81081,0.67568
MUTAG,TransformerConv,GraphCrossGNN,64,5,0.75007,0.05503,0.003029,0.76316,0.71053,0.76316,0.83784,0.67568
MUTAG,TransformerConv,GraphResGNN,64,5,0.74523,0.07525,0.005663,0.71053,0.68421,0.73684,0.89189,0.70270
MUTAG,TransformerConv,NodeCrossGNN,64,5,0.78762,0.03944,0.001555,0.76316,0.76316,0.76316,0.86486,0.78378
MUTAG,TransformerConv,NodeResGNN,64,5,0.75007,0.05750,0.003306,0.73684,0.71053,0.78947,0.83784,0.67568
MUTAG,TransformerConv,PlainGNN,64,5,0.73983,0.04310,0.001857,0.68421,0.73684,0.71053,0.81081,0.75676
AIDS,GATConv,GraphCrossGNN,64,5,0.88950,0.01288,0.000166,0.89750,0.87750,0.87250,0.89250,0.90750
AIDS,GATConv,GraphResGNN,64,5,0.89850,0.02582,0.000666,0.86750,0.93500,0.87250,0.91750,0.90000
AIDS,GATConv,NodeCrossGNN,64,5,0.91700,0.01042,0.000108,0.90000,0.91000,0.92250,0.92500,0.92750
AIDS,GATConv,NodeResGNN,64,5,0.88000,0.02025,0.000410,0.89000,0.87000,0.84500,0.89500,0.90000
AIDS,GATConv,PlainGNN,64,5,0.88750,0.00962,0.000093,0.88250,0.88250,0.89750,0.90000,0.87500
AIDS,GCNConv,APPNPBaseline,64,5,0.80000,0.00000,0.000000,0.80000,0.80000,0.80000,0.80000,0.80000
AIDS,GCNConv,GraphCrossGNN,64,5,0.87100,0.04125,0.001701,0.86500,0.80000,0.88500,0.87750,0.92750
AIDS,GCNConv,GraphResGNN,64,5,0.91600,0.01210,0.000147,0.92000,0.92000,0.92000,0.92750,0.89250
AIDS,GCNConv,JKNetBaseline,64,5,0.86300,0.03389,0.001148,0.86500,0.80000,0.86750,0.88250,0.90000
AIDS,GCNConv,NodeCrossGNN,64,5,0.87350,0.04116,0.001694,0.89500,0.79500,0.88000,0.88250,0.91500
AIDS,GCNConv,NodeResGNN,64,5,0.86900,0.03541,0.001254,0.87250,0.80000,0.88750,0.89750,0.88750
AIDS,GCNConv,PlainGNN,64,5,0.84550,0.02571,0.000661,0.86500,0.80000,0.83500,0.85750,0.87000
AIDS,GINConv,GINBaseline,64,5,0.87800,0.04145,0.001718,0.89250,0.80000,0.87500,0.91750,0.90500
AIDS,GINConv,GraphCrossGNN,64,5,0.90050,0.00900,0.000081,0.89000,0.91000,0.91000,0.89000,0.90250
AIDS,GINConv,GraphResGNN,64,5,0.95450,0.01177,0.000139,0.94250,0.96750,0.94500,0.94750,0.97000
AIDS,GINConv,NodeCrossGNN,64,5,0.92200,0.01017,0.000103,0.91750,0.91000,0.93000,0.91500,0.93750
AIDS,GINConv,NodeResGNN,64,5,0.91650,0.01602,0.000257,0.93500,0.92750,0.90750,0.89000,0.92250
AIDS,GINConv,PlainGNN,64,5,0.89450,0.04737,0.002243,0.91750,0.80000,0.91250,0.92250,0.92000
AIDS,SAGEConv,GraphCrossGNN,64,5,0.88250,0.01414,0.000200,0.89250,0.87250,0.86250,0.90250,0.88250
AIDS,SAGEConv,GraphResGNN,64,5,0.90050,0.03172,0.001006,0.88000,0.91500,0.85000,0.94000,0.91750
AIDS,SAGEConv,GraphSAGEBaseline,64,5,0.86700,0.05735,0.003288,0.90250,0.76500,0.84500,0.89750,0.92500
AIDS,SAGEConv,NodeCrossGNN,64,5,0.89100,0.04740,0.002246,0.90000,0.80000,0.90250,0.93750,0.91500
AIDS,SAGEConv,NodeResGNN,64,5,0.90350,0.01446,0.000209,0.88750,0.90500,0.89500,0.90000,0.93000
AIDS,SAGEConv,PlainGNN,64,5,0.87150,0.04951,0.002451,0.89750,0.77500,0.88750,0.88250,0.91500
AIDS,TransformerConv,GraphCrossGNN,64,5,0.87250,0.04881,0.002382,0.92250,0.78000,0.87500,0.89750,0.88750
AIDS,TransformerConv,GraphResGNN,64,5,0.89900,0.02909,0.000847,0.84500,0.91750,0.90250,0.90000,0.93000
AIDS,TransformerConv,NodeCrossGNN,64,5,0.90600,0.02065,0.000426,0.89500,0.87750,0.90500,0.91250,0.94000
AIDS,TransformerConv,NodeResGNN,64,5,0.88850,0.02273,0.000516,0.89250,0.84750,0.89500,0.89000,0.91750
AIDS,TransformerConv,PlainGNN,64,5,0.86700,0.03458,0.001196,0.88000,0.80000,0.88000,0.87500,0.90000
Mutagenicity,GATConv,GraphCrossGNN,64,5,0.78950,0.01301,0.000169,0.76870,0.80277,0.79354,0.78085,0.80161
Mutagenicity,GATConv,GraphResGNN,64,5,0.71591,0.08372,0.007010,0.75949,0.72088,0.78547,0.76009,0.55363
Mutagenicity,GATConv,NodeCrossGNN,64,5,0.79733,0.02002,0.000401,0.79056,0.81430,0.81430,0.76125,0.80623
Mutagenicity,GATConv,NodeResGNN,64,5,0.78165,0.01307,0.000171,0.76985,0.79008,0.80046,0.76471,0.78316
Mutagenicity,GATConv,PlainGNN,64,5,0.67787,0.10470,0.010962,0.71692,0.79815,0.55363,0.76701,0.55363
Mutagenicity,GCNConv,APPNPBaseline,64,5,0.66082,0.01546,0.000239,0.66628,0.64821,0.63783,0.67243,0.67935
Mutagenicity,GCNConv,GraphCrossGNN,64,5,0.80287,0.01825,0.000333,0.77445,0.79469,0.82584,0.80046,0.81892
Mutagenicity,GCNConv,GraphResGNN,64,5,0.80218,0.02195,0.000482,0.76985,0.82468,0.81661,0.78201,0.81776
Mutagenicity,GCNConv,JKNetBaseline,64,5,0.78766,0.02180,0.000475,0.75144,0.80161,0.81546,0.77855,0.79123
Mutagenicity,GCNConv,NodeCrossGNN,64,5,0.80333,0.01589,0.000253,0.77560,0.80854,0.82468,0.80161,0.80623
Mutagenicity,GCNConv,NodeResGNN,64,5,0.78973,0.01386,0.000192,0.76640,0.79239,0.80854,0.78547,0.79585
Mutagenicity,GCNConv,PlainGNN,64,5,0.78142,0.02347,0.000551,0.76295,0.78431,0.81430,0.74856,0.79700
Mutagenicity,GINConv,GINBaseline,64,5,0.72616,0.08882,0.007888,0.55351,0.74856,0.79700,0.74394,0.78777
Mutagenicity,GINConv,GraphCrossGNN,64,5,0.79549,0.02015,0.000406,0.77100,0.79585,0.82930,0.77970,0.80161
Mutagenicity,GINConv,GraphResGNN,64,5,0.78604,0.02755,0.000759,0.76064,0.76701,0.80969,0.76471,0.82814
Mutagenicity,GINConv,NodeCrossGNN,64,5,0.79849,0.02277,0.000519,0.77330,0.81200,0.83160,0.77278,0.80277
Mutagenicity,GINConv,NodeResGNN,64,5,0.79987,0.02047,0.000419,0.77675,0.80854,0.83506,0.79354,0.78547
Mutagenicity,GINConv,PlainGNN,64,5,0.67864,0.10267,0.010541,0.55351,0.77393,0.55363,0.74279,0.76932
Mutagenicity,SAGEConv,GraphCrossGNN,64,5,0.79272,0.01558,0.000243,0.76985,0.80738,0.79700,0.77970,0.80969
Mutagenicity,SAGEConv,GraphResGNN,64,5,0.79320,0.02892,0.000836,0.74223,0.80738,0.81430,0.78085,0.82122
Mutagenicity,SAGEConv,GraphSAGEBaseline,64,5,0.79571,0.00673,0.000045,0.78941,0.79700,0.80161,0.78662,0.80392
Mutagenicity,SAGEConv,NodeCrossGNN,64,5,0.80909,0.01006,0.000101,0.79402,0.80277,0.82353,0.81430,0.81084
Mutagenicity,SAGEConv,NodeResGNN,64,5,0.79503,0.01484,0.000220,0.78021,0.78662,0.80738,0.78316,0.81776
Mutagenicity,SAGEConv,PlainGNN,64,5,0.79111,0.02229,0.000497,0.77100,0.80623,0.80854,0.75779,0.81200
Mutagenicity,TransformerConv,GraphCrossGNN,64,5,0.80541,0.01913,0.000366,0.78021,0.81200,0.82699,0.78547,0.82238
Mutagenicity,TransformerConv,GraphResGNN,64,5,0.79849,0.01930,0.000372,0.78366,0.81084,0.82814,0.77393,0.79585
Mutagenicity,TransformerConv,NodeCrossGNN,64,5,0.79988,0.02867,0.000822,0.75719,0.81546,0.83852,0.77855,0.80969
Mutagenicity,TransformerConv,NodeResGNN,64,5,0.78143,0.02367,0.000560,0.75834,0.76586,0.81084,0.76240,0.80969
Mutagenicity,TransformerConv,PlainGNN,64,5,0.69939,0.11171,0.012480,0.56387,0.79008,0.80046,0.78085,0.56171
